{
  "omega_01": 3.141592653589793e10,
  "drive_scale": 6.283185307179586e8,
  "phase_offset": 0.0
}
